iter	MultiClass
0	3.754013465
1	3.608667127
2	3.487069546
3	3.38288275
4	3.297419982
